[
    {
        "value": "24.00",
        "location": [
            13.431773,
            52.482623
        ],
        "createdAt": "2022-06-26T23:22:38.162Z"
    },
    {
        "value": "24.00",
        "location": [
            13.431773,
            52.482623
        ],
        "createdAt": "2022-06-26T23:20:09.437Z"
    },
    {
        "value": "24.10",
        "location": [
            13.431773,
            52.482623
        ],
        "createdAt": "2022-06-26T23:17:39.404Z"
    },
    {
        "value": "24.10",
        "location": [
            13.431773,
            52.482623
        ],
        "createdAt": "2022-06-26T23:15:11.496Z"
    },
    {
        "value": "24.20",
        "location": [
            13.431773,
            52.482623
        ],
        "createdAt": "2022-06-26T23:12:42.266Z"
    },
    {
        "value": "24.30",
        "location": [
            13.431773,
            52.482623
        ],
        "createdAt": "2022-06-26T23:10:13.986Z"
    },
    {
        "value": "24.30",
        "location": [
            13.431773,
            52.482623
        ],
        "createdAt": "2022-06-26T23:07:44.186Z"
    },
    {
        "value": "24.30",
        "location": [
            13.431773,
            52.482623
        ],
        "createdAt": "2022-06-26T23:05:14.341Z"
    },
    {
        "value": "24.30",
        "location": [
            13.431773,
            52.482623
        ],
        "createdAt": "2022-06-26T23:02:45.407Z"
    },
    {
        "value": "24.30",
        "location": [
            13.431773,
            52.482623
        ],
        "createdAt": "2022-06-26T23:00:15.411Z"
    },
    {
        "value": "24.40",
        "location": [
            13.431773,
            52.482623
        ],
        "createdAt": "2022-06-26T22:57:43.025Z"
    },
    {
        "value": "24.50",
        "location": [
            13.431773,
            52.482623
        ],
        "createdAt": "2022-06-26T22:55:14.340Z"
    },
    {
        "value": "24.60",
        "location": [
            13.431773,
            52.482623
        ],
        "createdAt": "2022-06-26T22:52:45.066Z"
    },
    {
        "value": "24.60",
        "location": [
            13.431773,
            52.482623
        ],
        "createdAt": "2022-06-26T22:50:17.041Z"
    },
    {
        "value": "24.70",
        "location": [
            13.431773,
            52.482623
        ],
        "createdAt": "2022-06-26T22:47:47.603Z"
    },
    {
        "value": "24.80",
        "location": [
            13.431773,
            52.482623
        ],
        "createdAt": "2022-06-26T22:45:18.665Z"
    },
    {
        "value": "24.70",
        "location": [
            13.431773,
            52.482623
        ],
        "createdAt": "2022-06-26T22:42:50.509Z"
    },
    {
        "value": "24.80",
        "location": [
            13.431773,
            52.482623
        ],
        "createdAt": "2022-06-26T22:40:22.198Z"
    },
    {
        "value": "24.90",
        "location": [
            13.431773,
            52.482623
        ],
        "createdAt": "2022-06-26T22:37:52.366Z"
    },
    {
        "value": "25.30",
        "location": [
            13.431773,
            52.482623
        ],
        "createdAt": "2022-06-26T22:35:24.049Z"
    },
    {
        "value": "33.60",
        "location": [
            13.431773,
            52.482623
        ],
        "createdAt": "2022-06-23T16:30:42.152Z"
    },
    {
        "value": "32.60",
        "location": [
            13.431773,
            52.482623
        ],
        "createdAt": "2022-06-23T16:28:01.717Z"
    },
    {
        "value": "31.70",
        "location": [
            13.431773,
            52.482623
        ],
        "createdAt": "2022-06-23T16:25:24.234Z"
    },
    {
        "value": "31.90",
        "location": [
            13.431773,
            52.482623
        ],
        "createdAt": "2022-06-23T16:22:42.553Z"
    },
    {
        "value": "32.00",
        "location": [
            13.431773,
            52.482623
        ],
        "createdAt": "2022-06-23T16:19:55.505Z"
    },
    {
        "value": "32.00",
        "location": [
            13.431773,
            52.482623
        ],
        "createdAt": "2022-06-23T16:17:18.860Z"
    },
    {
        "value": "31.80",
        "location": [
            13.431773,
            52.482623
        ],
        "createdAt": "2022-06-23T16:14:46.792Z"
    },
    {
        "value": "31.90",
        "location": [
            13.431773,
            52.482623
        ],
        "createdAt": "2022-06-23T16:12:09.157Z"
    },
    {
        "value": "32.00",
        "location": [
            13.431773,
            52.482623
        ],
        "createdAt": "2022-06-23T16:09:36.506Z"
    },
    {
        "value": "32.80",
        "location": [
            13.431773,
            52.482623
        ],
        "createdAt": "2022-06-23T16:06:52.723Z"
    },
    {
        "value": "33.70",
        "location": [
            13.431773,
            52.482623
        ],
        "createdAt": "2022-06-23T16:04:16.041Z"
    },
    {
        "value": "33.70",
        "location": [
            13.431773,
            52.482623
        ],
        "createdAt": "2022-06-23T16:01:36.892Z"
    },
    {
        "value": "34.50",
        "location": [
            13.431773,
            52.482623
        ],
        "createdAt": "2022-06-23T15:59:00.918Z"
    },
    {
        "value": "35.70",
        "location": [
            13.431773,
            52.482623
        ],
        "createdAt": "2022-06-23T15:56:26.351Z"
    },
    {
        "value": "35.90",
        "location": [
            13.431773,
            52.482623
        ],
        "createdAt": "2022-06-23T15:53:52.921Z"
    },
    {
        "value": "36.00",
        "location": [
            13.431773,
            52.482623
        ],
        "createdAt": "2022-06-23T15:51:16.796Z"
    },
    {
        "value": "35.80",
        "location": [
            13.431773,
            52.482623
        ],
        "createdAt": "2022-06-23T15:48:43.882Z"
    },
    {
        "value": "35.30",
        "location": [
            13.431773,
            52.482623
        ],
        "createdAt": "2022-06-23T15:46:01.069Z"
    },
    {
        "value": "35.90",
        "location": [
            13.431773,
            52.482623
        ],
        "createdAt": "2022-06-23T15:43:19.189Z"
    },
    {
        "value": "37.00",
        "location": [
            13.431773,
            52.482623
        ],
        "createdAt": "2022-06-23T15:40:45.625Z"
    },
    {
        "value": "38.20",
        "location": [
            13.431773,
            52.482623
        ],
        "createdAt": "2022-06-23T15:38:09.008Z"
    },
    {
        "value": "37.80",
        "location": [
            13.431773,
            52.482623
        ],
        "createdAt": "2022-06-23T15:35:23.670Z"
    },
    {
        "value": "37.00",
        "location": [
            13.431773,
            52.482623
        ],
        "createdAt": "2022-06-23T15:32:39.933Z"
    },
    {
        "value": "36.20",
        "location": [
            13.431773,
            52.482623
        ],
        "createdAt": "2022-06-23T15:30:06.377Z"
    },
    {
        "value": "35.70",
        "location": [
            13.431773,
            52.482623
        ],
        "createdAt": "2022-06-23T15:27:31.599Z"
    },
    {
        "value": "36.60",
        "location": [
            13.431773,
            52.482623
        ],
        "createdAt": "2022-06-23T15:24:54.630Z"
    },
    {
        "value": "35.60",
        "location": [
            13.431773,
            52.482623
        ],
        "createdAt": "2022-06-23T15:22:17.206Z"
    },
    {
        "value": "34.40",
        "location": [
            13.431773,
            52.482623
        ],
        "createdAt": "2022-06-23T15:19:21.223Z"
    },
    {
        "value": "33.90",
        "location": [
            13.431773,
            52.482623
        ],
        "createdAt": "2022-06-23T15:16:46.962Z"
    },
    {
        "value": "34.30",
        "location": [
            13.431773,
            52.482623
        ],
        "createdAt": "2022-06-23T15:14:13.051Z"
    },
    {
        "value": "35.70",
        "location": [
            13.431773,
            52.482623
        ],
        "createdAt": "2022-06-23T15:11:40.047Z"
    },
    {
        "value": "35.70",
        "location": [
            13.431773,
            52.482623
        ],
        "createdAt": "2022-06-23T15:09:01.856Z"
    },
    {
        "value": "34.70",
        "location": [
            13.431773,
            52.482623
        ],
        "createdAt": "2022-06-23T15:06:24.453Z"
    },
    {
        "value": "35.20",
        "location": [
            13.431773,
            52.482623
        ],
        "createdAt": "2022-06-23T15:03:49.433Z"
    },
    {
        "value": "35.80",
        "location": [
            13.431773,
            52.482623
        ],
        "createdAt": "2022-06-23T15:01:14.257Z"
    },
    {
        "value": "35.70",
        "location": [
            13.431773,
            52.482623
        ],
        "createdAt": "2022-06-23T14:58:39.645Z"
    },
    {
        "value": "35.40",
        "location": [
            13.431773,
            52.482623
        ],
        "createdAt": "2022-06-23T14:56:01.731Z"
    },
    {
        "value": "34.20",
        "location": [
            13.431773,
            52.482623
        ],
        "createdAt": "2022-06-23T14:53:18.563Z"
    },
    {
        "value": "35.50",
        "location": [
            13.431773,
            52.482623
        ],
        "createdAt": "2022-06-23T14:50:36.164Z"
    },
    {
        "value": "35.30",
        "location": [
            13.431773,
            52.482623
        ],
        "createdAt": "2022-06-23T14:47:56.615Z"
    },
    {
        "value": "35.60",
        "location": [
            13.431773,
            52.482623
        ],
        "createdAt": "2022-06-23T14:45:08.644Z"
    },
    {
        "value": "35.10",
        "location": [
            13.431773,
            52.482623
        ],
        "createdAt": "2022-06-23T14:42:03.759Z"
    },
    {
        "value": "35.00",
        "location": [
            13.431773,
            52.482623
        ],
        "createdAt": "2022-06-23T14:39:17.125Z"
    },
    {
        "value": "34.50",
        "location": [
            13.431773,
            52.482623
        ],
        "createdAt": "2022-06-23T14:36:43.448Z"
    },
    {
        "value": "35.60",
        "location": [
            13.431773,
            52.482623
        ],
        "createdAt": "2022-06-23T14:34:09.144Z"
    },
    {
        "value": "35.70",
        "location": [
            13.431773,
            52.482623
        ],
        "createdAt": "2022-06-23T14:31:32.652Z"
    },
    {
        "value": "35.10",
        "location": [
            13.431773,
            52.482623
        ],
        "createdAt": "2022-06-23T14:28:57.707Z"
    },
    {
        "value": "34.50",
        "location": [
            13.431773,
            52.482623
        ],
        "createdAt": "2022-06-23T14:26:23.143Z"
    },
    {
        "value": "34.50",
        "location": [
            13.431773,
            52.482623
        ],
        "createdAt": "2022-06-23T14:23:48.657Z"
    },
    {
        "value": "35.10",
        "location": [
            13.431773,
            52.482623
        ],
        "createdAt": "2022-06-23T14:21:13.737Z"
    },
    {
        "value": "34.30",
        "location": [
            13.431773,
            52.482623
        ],
        "createdAt": "2022-06-23T14:18:32.812Z"
    },
    {
        "value": "34.80",
        "location": [
            13.431773,
            52.482623
        ],
        "createdAt": "2022-06-23T14:15:56.113Z"
    },
    {
        "value": "34.80",
        "location": [
            13.431773,
            52.482623
        ],
        "createdAt": "2022-06-23T14:13:20.972Z"
    },
    {
        "value": "34.10",
        "location": [
            13.431773,
            52.482623
        ],
        "createdAt": "2022-06-23T14:10:42.472Z"
    },
    {
        "value": "34.40",
        "location": [
            13.431773,
            52.482623
        ],
        "createdAt": "2022-06-23T14:08:02.470Z"
    },
    {
        "value": "34.70",
        "location": [
            13.431773,
            52.482623
        ],
        "createdAt": "2022-06-23T14:05:28.168Z"
    },
    {
        "value": "35.50",
        "location": [
            13.431773,
            52.482623
        ],
        "createdAt": "2022-06-23T14:02:50.798Z"
    },
    {
        "value": "36.60",
        "location": [
            13.431773,
            52.482623
        ],
        "createdAt": "2022-06-23T14:00:13.912Z"
    },
    {
        "value": "36.30",
        "location": [
            13.431773,
            52.482623
        ],
        "createdAt": "2022-06-23T13:57:39.344Z"
    },
    {
        "value": "36.40",
        "location": [
            13.431773,
            52.482623
        ],
        "createdAt": "2022-06-23T13:55:05.348Z"
    },
    {
        "value": "35.50",
        "location": [
            13.431773,
            52.482623
        ],
        "createdAt": "2022-06-23T13:52:29.867Z"
    },
    {
        "value": "34.40",
        "location": [
            13.431773,
            52.482623
        ],
        "createdAt": "2022-06-23T13:49:56.838Z"
    },
    {
        "value": "34.60",
        "location": [
            13.431773,
            52.482623
        ],
        "createdAt": "2022-06-23T13:47:21.716Z"
    },
    {
        "value": "35.30",
        "location": [
            13.431773,
            52.482623
        ],
        "createdAt": "2022-06-23T13:44:44.360Z"
    },
    {
        "value": "35.80",
        "location": [
            13.431773,
            52.482623
        ],
        "createdAt": "2022-06-23T13:42:10.295Z"
    },
    {
        "value": "36.00",
        "location": [
            13.431773,
            52.482623
        ],
        "createdAt": "2022-06-23T13:39:36.598Z"
    },
    {
        "value": "34.70",
        "location": [
            13.431773,
            52.482623
        ],
        "createdAt": "2022-06-23T13:37:00.782Z"
    },
    {
        "value": "35.10",
        "location": [
            13.431773,
            52.482623
        ],
        "createdAt": "2022-06-23T13:34:28.323Z"
    },
    {
        "value": "34.60",
        "location": [
            13.431773,
            52.482623
        ],
        "createdAt": "2022-06-23T13:31:51.027Z"
    },
    {
        "value": "34.70",
        "location": [
            13.431773,
            52.482623
        ],
        "createdAt": "2022-06-23T13:29:17.577Z"
    },
    {
        "value": "34.80",
        "location": [
            13.431773,
            52.482623
        ],
        "createdAt": "2022-06-23T13:26:36.716Z"
    },
    {
        "value": "35.80",
        "location": [
            13.431773,
            52.482623
        ],
        "createdAt": "2022-06-23T13:24:04.767Z"
    },
    {
        "value": "36.50",
        "location": [
            13.431773,
            52.482623
        ],
        "createdAt": "2022-06-23T13:21:33.703Z"
    },
    {
        "value": "37.10",
        "location": [
            13.431773,
            52.482623
        ],
        "createdAt": "2022-06-23T13:19:02.360Z"
    },
    {
        "value": "36.90",
        "location": [
            13.431773,
            52.482623
        ],
        "createdAt": "2022-06-23T13:16:25.774Z"
    },
    {
        "value": "35.60",
        "location": [
            13.431773,
            52.482623
        ],
        "createdAt": "2022-06-23T13:13:50.283Z"
    },
    {
        "value": "35.10",
        "location": [
            13.431773,
            52.482623
        ],
        "createdAt": "2022-06-23T13:11:17.060Z"
    },
    {
        "value": "35.10",
        "location": [
            13.431773,
            52.482623
        ],
        "createdAt": "2022-06-23T13:08:41.871Z"
    },
    {
        "value": "36.10",
        "location": [
            13.431773,
            52.482623
        ],
        "createdAt": "2022-06-23T13:06:04.519Z"
    },
    {
        "value": "36.00",
        "location": [
            13.431773,
            52.482623
        ],
        "createdAt": "2022-06-23T13:03:28.334Z"
    },
    {
        "value": "36.20",
        "location": [
            13.431773,
            52.482623
        ],
        "createdAt": "2022-06-23T13:00:55.184Z"
    },
    {
        "value": "35.50",
        "location": [
            13.431773,
            52.482623
        ],
        "createdAt": "2022-06-23T12:58:03.528Z"
    },
    {
        "value": "34.20",
        "location": [
            13.431773,
            52.482623
        ],
        "createdAt": "2022-06-23T12:55:11.497Z"
    },
    {
        "value": "34.40",
        "location": [
            13.431773,
            52.482623
        ],
        "createdAt": "2022-06-23T12:52:11.403Z"
    },
    {
        "value": "34.20",
        "location": [
            13.431773,
            52.482623
        ],
        "createdAt": "2022-06-23T12:49:20.777Z"
    },
    {
        "value": "35.30",
        "location": [
            13.431773,
            52.482623
        ],
        "createdAt": "2022-06-23T12:46:35.492Z"
    },
    {
        "value": "36.00",
        "location": [
            13.431773,
            52.482623
        ],
        "createdAt": "2022-06-23T12:43:57.507Z"
    },
    {
        "value": "36.90",
        "location": [
            13.431773,
            52.482623
        ],
        "createdAt": "2022-06-23T12:41:23.808Z"
    },
    {
        "value": "37.90",
        "location": [
            13.431773,
            52.482623
        ],
        "createdAt": "2022-06-23T12:38:48.541Z"
    },
    {
        "value": "36.60",
        "location": [
            13.431773,
            52.482623
        ],
        "createdAt": "2022-06-23T12:36:15.091Z"
    },
    {
        "value": "35.90",
        "location": [
            13.431773,
            52.482623
        ],
        "createdAt": "2022-06-23T12:33:42.744Z"
    },
    {
        "value": "37.50",
        "location": [
            13.431773,
            52.482623
        ],
        "createdAt": "2022-06-23T12:31:08.914Z"
    },
    {
        "value": "39.00",
        "location": [
            13.431773,
            52.482623
        ],
        "createdAt": "2022-06-23T12:28:34.042Z"
    },
    {
        "value": "38.80",
        "location": [
            13.431773,
            52.482623
        ],
        "createdAt": "2022-06-23T12:25:55.831Z"
    },
    {
        "value": "39.70",
        "location": [
            13.431773,
            52.482623
        ],
        "createdAt": "2022-06-23T12:23:19.051Z"
    },
    {
        "value": "38.50",
        "location": [
            13.431773,
            52.482623
        ],
        "createdAt": "2022-06-23T12:20:46.062Z"
    },
    {
        "value": "37.30",
        "location": [
            13.431773,
            52.482623
        ],
        "createdAt": "2022-06-23T12:18:10.447Z"
    },
    {
        "value": "36.10",
        "location": [
            13.431773,
            52.482623
        ],
        "createdAt": "2022-06-23T12:15:34.387Z"
    },
    {
        "value": "35.70",
        "location": [
            13.431773,
            52.482623
        ],
        "createdAt": "2022-06-23T12:13:03.127Z"
    },
    {
        "value": "36.60",
        "location": [
            13.431773,
            52.482623
        ],
        "createdAt": "2022-06-23T12:10:29.787Z"
    },
    {
        "value": "36.90",
        "location": [
            13.431773,
            52.482623
        ],
        "createdAt": "2022-06-23T12:07:59.456Z"
    },
    {
        "value": "37.70",
        "location": [
            13.431773,
            52.482623
        ],
        "createdAt": "2022-06-23T12:05:08.071Z"
    },
    {
        "value": "38.40",
        "location": [
            13.431773,
            52.482623
        ],
        "createdAt": "2022-06-23T12:02:24.300Z"
    },
    {
        "value": "39.30",
        "location": [
            13.431773,
            52.482623
        ],
        "createdAt": "2022-06-23T12:00:03.075Z"
    },
    {
        "value": "39.50",
        "location": [
            13.431773,
            52.482623
        ],
        "createdAt": "2022-06-23T11:56:55.767Z"
    },
    {
        "value": "38.60",
        "location": [
            13.431773,
            52.482623
        ],
        "createdAt": "2022-06-23T11:54:04.465Z"
    },
    {
        "value": "38.10",
        "location": [
            13.431773,
            52.482623
        ],
        "createdAt": "2022-06-23T11:51:17.393Z"
    },
    {
        "value": "38.60",
        "location": [
            13.431773,
            52.482623
        ],
        "createdAt": "2022-06-23T11:48:37.096Z"
    },
    {
        "value": "38.00",
        "location": [
            13.431773,
            52.482623
        ],
        "createdAt": "2022-06-23T11:45:55.413Z"
    },
    {
        "value": "38.70",
        "location": [
            13.431773,
            52.482623
        ],
        "createdAt": "2022-06-23T11:43:17.627Z"
    },
    {
        "value": "38.30",
        "location": [
            13.431773,
            52.482623
        ],
        "createdAt": "2022-06-23T11:40:38.513Z"
    },
    {
        "value": "38.70",
        "location": [
            13.431773,
            52.482623
        ],
        "createdAt": "2022-06-23T11:37:47.914Z"
    },
    {
        "value": "39.30",
        "location": [
            13.431773,
            52.482623
        ],
        "createdAt": "2022-06-23T11:35:05.191Z"
    },
    {
        "value": "39.70",
        "location": [
            13.431773,
            52.482623
        ],
        "createdAt": "2022-06-23T11:32:20.305Z"
    },
    {
        "value": "39.00",
        "location": [
            13.431773,
            52.482623
        ],
        "createdAt": "2022-06-23T11:29:40.395Z"
    },
    {
        "value": "38.30",
        "location": [
            13.431773,
            52.482623
        ],
        "createdAt": "2022-06-23T11:26:57.919Z"
    },
    {
        "value": "38.70",
        "location": [
            13.431773,
            52.482623
        ],
        "createdAt": "2022-06-23T11:24:18.964Z"
    },
    {
        "value": "39.10",
        "location": [
            13.431773,
            52.482623
        ],
        "createdAt": "2022-06-23T11:21:40.966Z"
    },
    {
        "value": "39.80",
        "location": [
            13.431773,
            52.482623
        ],
        "createdAt": "2022-06-23T11:19:00.049Z"
    },
    {
        "value": "38.80",
        "location": [
            13.431773,
            52.482623
        ],
        "createdAt": "2022-06-23T11:16:20.578Z"
    },
    {
        "value": "37.70",
        "location": [
            13.431773,
            52.482623
        ],
        "createdAt": "2022-06-23T11:13:43.610Z"
    },
    {
        "value": "37.70",
        "location": [
            13.431773,
            52.482623
        ],
        "createdAt": "2022-06-23T11:11:00.771Z"
    },
    {
        "value": "38.30",
        "location": [
            13.431773,
            52.482623
        ],
        "createdAt": "2022-06-23T11:08:12.942Z"
    },
    {
        "value": "38.50",
        "location": [
            13.431773,
            52.482623
        ],
        "createdAt": "2022-06-23T11:05:26.474Z"
    },
    {
        "value": "38.90",
        "location": [
            13.431773,
            52.482623
        ],
        "createdAt": "2022-06-23T11:02:40.374Z"
    },
    {
        "value": "38.60",
        "location": [
            13.431773,
            52.482623
        ],
        "createdAt": "2022-06-23T10:59:56.293Z"
    },
    {
        "value": "38.30",
        "location": [
            13.431773,
            52.482623
        ],
        "createdAt": "2022-06-23T10:56:49.731Z"
    },
    {
        "value": "38.80",
        "location": [
            13.431773,
            52.482623
        ],
        "createdAt": "2022-06-23T10:54:10.063Z"
    },
    {
        "value": "39.00",
        "location": [
            13.431773,
            52.482623
        ],
        "createdAt": "2022-06-23T10:51:23.312Z"
    },
    {
        "value": "15.00",
        "location": [
            13.431773,
            52.482623
        ],
        "createdAt": "2022-06-20T06:29:18.524Z"
    }
]